RecordID,Database,Title,Authors,Year,DOI_or_URL,Initial_Include?(Y/N),Reason_for_Exclusion_(if_N),FullText_Obtained?(Y/N),FullText_Include?(Y/N),Reason_for_Exclusion_FullText_(if_N)
1,arXiv,3D Human Scan With A Moving Event Camera,"Kai Kohyama , Shintaro Shiba , Yoshimitsu Aoki",2024.0,https://arxiv.org/abs/2404.08504,N,no pose-estimation focus; not sports/exercise context; no validation/benchmark,Y,N,no pose-estimation focus; not sports/exercise context; no validation/benchmark
2,arXiv,3DPCNet: Pose Canonicalization for Robust Viewpoint-Invariant 3D Kinematic Analysis from Monocular RGB cameras,"Tharindu Ekanayake , Constantino Álvarez Casado , Miguel Bordallo López",,https://arxiv.org/abs/2509.23455,N,no pose-estimation focus; not sports/exercise context; no validation/benchmark,Y,N,no pose-estimation focus; not sports/exercise context; no validation/benchmark
3,arXiv,A Benchmark for Multi-Modal Lidar SLAM with Ground Truth in GNSS-Denied Environments,"Ha Sier , Li Qingqing , Yu Xianjia , Jorge Peña Queralta , Zhuo Zou , Tomi Westerlund",,https://arxiv.org/abs/2210.00812,N,no pose-estimation focus; not sports/exercise context,Y,N,no pose-estimation focus; not sports/exercise context
4,arXiv,A Multi-purpose Tracking Framework for Salmon Welfare Monitoring in Challenging Environments,"Espen Uri Høgstedt , Christian Schellewald , Annette Stahl , Rudolf Mester",,https://arxiv.org/abs/2509.25969,N,no pose-estimation focus; not sports/exercise context; no validation/benchmark,Y,N,no pose-estimation focus; not sports/exercise context; no validation/benchmark
5,arXiv,A Single RGB Camera Based Gait Analysis with a Mobile Tele-Robot for Healthcare,Ziyang Wang,2020.0,https://arxiv.org/abs/2002.04700,N,no pose-estimation focus; no validation/benchmark,Y,N,no pose-estimation focus; no validation/benchmark
6,arXiv,A Study on the Matching Rate of Dance Movements Using 2D Skeleton Detection and 3D Pose Estimation : Why Is SEVENTEEN's Performance So Bita-Zoroi (Perfectly Synchronized)?,"Atsushi Simojo , Harumi Haraguchi",,https://arxiv.org/abs/2503.19917,N,no validation/benchmark,Y,N,no validation/benchmark
7,arXiv,"AI-Enhanced Precision in Sport Taekwondo: Increasing Fairness, Speed, and Trust in Competition (FST.ai)","Keivan Shariatmadar , Ahmad Osman",2025.0,https://arxiv.org/abs/2507.14657,N,no pose-estimation focus; no validation/benchmark,Y,N,no pose-estimation focus; no validation/benchmark
8,arXiv,AIMusicGuru: Music Assisted Human Pose Correction,"Snehesh Shrestha , Cornelia Fermüller , Tianyu Huang , Pyone Thant Win , Adam Zukerman , Chethan M. Parameshwara , Yiannis Aloimonos",,https://arxiv.org/abs/2203.12829,N,not sports/exercise context; no validation/benchmark,Y,N,not sports/exercise context; no validation/benchmark
9,arXiv,An Investigation of Visual Foundation Models Robustness,"Sandeep Gupta , Roberto Passerone",,https://arxiv.org/abs/2508.16225,N,no pose-estimation focus; not sports/exercise context; no validation/benchmark,Y,N,no pose-estimation focus; not sports/exercise context; no validation/benchmark
10,arXiv,Analysis of Co-Laughter Gesture Relationship on RGB videos in Dyadic Conversation Contex,"Hugo Bohy , Ahmad Hammoudeh , Antoine Maiorca , Stéphane Dupont , Thierry Dutoit",,https://arxiv.org/abs/2205.10266,N,no pose-estimation focus; not sports/exercise context; no validation/benchmark,Y,N,no pose-estimation focus; not sports/exercise context; no validation/benchmark
11,arXiv,Analyzing Data Efficiency and Performance of Machine Learning Algorithms for Assessing Low Back Pain Physical Rehabilitation Exercises,"Aleksa Marusic , Louis Annabi , Sao Msi Nguyen , Adriana Tapus",,https://arxiv.org/abs/2408.02855,N,no pose-estimation focus; no validation/benchmark,Y,N,no pose-estimation focus; no validation/benchmark
12,arXiv,"Approaches, Challenges, and Applications for Deep Visual Odometry: Toward to Complicated and Emerging Areas","Ke Wang , Sai Ma , Junlan Chen , Fan Ren",,https://arxiv.org/abs/2009.02672,N,no pose-estimation focus; not sports/exercise context; no validation/benchmark,Y,N,no pose-estimation focus; not sports/exercise context; no validation/benchmark
13,arXiv,AthletePose3D: A Benchmark Dataset for 3D Human Pose Estimation and Kinematic Validation in Athletic Movements,"Calvin Yeung , Tomohiro Suzuki , Ryota Tanaka , Zhuoer Yin , Keisuke Fujii",2025.0,https://arxiv.org/abs/2503.07499,Y,,Y,Y,
14,arXiv,AthleticsPose: Authentic Sports Motion Dataset on Athletic Field and Evaluation of Monocular 3D Pose Estimation Ability,"Tomohiro Suzuki , Ryota Tanaka , Calvin Yeung , Keisuke Fujii",,https://arxiv.org/abs/2507.12905,N,no validation/benchmark,Y,N,no validation/benchmark
15,arXiv,Automatic Edge Error Judgment in Figure Skating Using 3D Pose Estimation from a Monocular Camera and IMUs,"Ryota Tanaka , Tomohiro Suzuki , Kazuya Takeda , Keisuke Fujii",,https://arxiv.org/abs/2310.17193,Y,,Y,Y,
16,arXiv,Automatic infant 2D pose estimation from videos: comparing seven deep neural network methods,"Filipe Gama , Matej Misar , Lukas Navara , Sergiu T. Popescu , Matej Hoffmann",2024.0,https://arxiv.org/abs/2406.17382,N,not sports/exercise context; no validation/benchmark,Y,N,not sports/exercise context; no validation/benchmark
17,arXiv,Benchmarking Monocular 3D Dog Pose Estimation Using In-The-Wild Motion Capture Data,"Moira Shooter , Charles Malleson , Adrian Hilton",,https://arxiv.org/abs/2406.14412,N,not sports/exercise context,Y,N,not sports/exercise context
18,arXiv,BlanketGen - A synthetic blanket occlusion augmentation pipeline for MoCap datasets,"João Carmona , Tamás Karácsony , João Paulo Silva Cunha",2022.0,https://arxiv.org/abs/2210.12035,N,not sports/exercise context,Y,N,not sports/exercise context
19,arXiv,Complete Inertial Pose Dataset: from raw measurements to pose with low-cost and high-end MARG sensors,"Manuel Palermo , Sara Cerqueira , João André , António Pereira , Cristina P. Santos",2022.0,https://arxiv.org/abs/2202.06164,N,no pose-estimation focus; not sports/exercise context; no validation/benchmark,Y,N,no pose-estimation focus; not sports/exercise context; no validation/benchmark
20,arXiv,Computer vision tools for the non-invasive assessment of autism-related behavioral markers,"Jordan Hashemi , Thiago Vallin Spina , Mariano Tepper , Amy Esler , Vassilios Morellas , Nikolaos Papanikolopoulos , Guillermo Sapiro",2012.0,https://arxiv.org/abs/1210.7014,N,no pose-estimation focus; not sports/exercise context; no validation/benchmark,Y,N,no pose-estimation focus; not sports/exercise context; no validation/benchmark
21,arXiv,Continuous Normalizing Flows for Uncertainty-Aware Human Pose Estimation,"Shipeng Liu , Ziliang Xiong , Bastian Wandt , Per-Erik Forssén",,https://arxiv.org/abs/2505.02287,N,not sports/exercise context; no validation/benchmark,Y,N,not sports/exercise context; no validation/benchmark
22,arXiv,Cross-Camera Human Motion Transfer by Time Series Analysis,"Yaping Zhao , Guanghan Li , Edmund Y. Lam",2021.0,https://arxiv.org/abs/2109.14174,N,no pose-estimation focus; no validation/benchmark,Y,N,no pose-estimation focus; no validation/benchmark
23,arXiv,DAMM-LOAM: Degeneracy Aware Multi-Metric LiDAR Odometry and Mapping,"Nishant Chandna , Akshat Kaushal",,https://arxiv.org/abs/2510.13287,N,no pose-estimation focus; not sports/exercise context; no validation/benchmark,Y,N,no pose-estimation focus; not sports/exercise context; no validation/benchmark
24,arXiv,Deep Learning-Based Human Pose Estimation : A Survey,"Ce Zheng , Wenhan Wu , Chen Chen , Taojiannan Yang , Sijie Zhu , Ju Shen , Nasser Kehtarnavaz , Mubarak Shah",2020.0,https://arxiv.org/abs/2012.13392,N,not sports/exercise context; no validation/benchmark,Y,N,not sports/exercise context; no validation/benchmark
25,arXiv,Differentially Private 2D Human Pose Estimation,"Kaushik Bhargav Sivangi , Paul Henderson , Fani Deligianni",2025.0,https://arxiv.org/abs/2504.10190,N,not sports/exercise context; no validation/benchmark,Y,N,not sports/exercise context; no validation/benchmark
26,arXiv,Do We Still Need to Work on Odometry for Autonomous Driving?,"Cedric Le Gentil , Daniil Lisus , Timothy D. Barfoot",2025.0,https://arxiv.org/abs/2505.04438,N,no pose-estimation focus; not sports/exercise context; no validation/benchmark,Y,N,no pose-estimation focus; not sports/exercise context; no validation/benchmark
27,arXiv,"Doctoral Thesis: Geometric Deep Learning For Camera Pose Prediction, Registration, Depth Estimation, and 3D Reconstruction",Xueyang Kang,,https://arxiv.org/abs/2509.01873,N,no pose-estimation focus; not sports/exercise context; no validation/benchmark,Y,N,no pose-estimation focus; not sports/exercise context; no validation/benchmark
28,arXiv,Dynamic Camera Poses and Where to Find Them,"Chris Rockwell , Joseph Tung , Tsung-Yi Lin , Ming-Yu Liu , David F. Fouhey , Chen-Hsuan Lin",,https://arxiv.org/abs/2504.17788,N,no pose-estimation focus; not sports/exercise context; no validation/benchmark,Y,N,no pose-estimation focus; not sports/exercise context; no validation/benchmark
29,arXiv,Ego- Pose Estimation and Forecasting as Real-Time PD Control,"Ye Yuan , Kris Kitani",2019.0,https://arxiv.org/abs/1906.03173,N,not sports/exercise context; no validation/benchmark,Y,N,not sports/exercise context; no validation/benchmark
30,arXiv,Encoder-decoder with Multi-level Attention for 3D Human Shape and Pose Estimation,"Ziniu Wan , Zhengjia Li , Maoqing Tian , Jianbo Liu , Shuai Yi , Hongsheng Li",,https://arxiv.org/abs/2109.02303,N,not sports/exercise context; no validation/benchmark,Y,N,not sports/exercise context; no validation/benchmark
31,arXiv,Enhancing Surgical Performance in Cardiothoracic Surgery with Innovations from Computer Vision and Artificial Intelligence: A Narrative Review,"Merryn D. Constable , Hubert P. H. Shum , Stephen Clark",,https://arxiv.org/abs/2402.11288,N,no pose-estimation focus; not sports/exercise context; no validation/benchmark,Y,N,no pose-estimation focus; not sports/exercise context; no validation/benchmark
32,arXiv,Estimating Metric Poses of Dynamic Objects Using Monocular Visual-Inertial Fusion,"Kejie Qiu , Tong Qin , Hongwen Xie , Shaojie Shen",,https://arxiv.org/abs/1808.06753,N,no pose-estimation focus; not sports/exercise context; no validation/benchmark,Y,N,no pose-estimation focus; not sports/exercise context; no validation/benchmark
33,arXiv,Event-based Egocentric Human Pose Estimation in Dynamic Environment,"Wataru Ikeda , Masashi Hatano , Ryosei Hara , Mariko Isogawa",,https://arxiv.org/abs/2505.22007,N,not sports/exercise context; no validation/benchmark,Y,N,not sports/exercise context; no validation/benchmark
34,arXiv,Exploiting Aggregation and Segregation of Representations for Domain Adaptive Human Pose Estimation,"Qucheng Peng , Ce Zheng , Zhengming Ding , Pu Wang , Chen Chen",,https://arxiv.org/abs/2412.20538,N,not sports/exercise context; no validation/benchmark,Y,N,not sports/exercise context; no validation/benchmark
35,arXiv,Exploring Event-based Human Pose Estimation with 3D Event Representations,"Xiaoting Yin , Hao Shi , Jiaan Chen , Ze Wang , Yaozu Ye , Kailun Yang , Kaiwei Wang",2023.0,https://arxiv.org/abs/2311.04591,N,not sports/exercise context; no validation/benchmark,Y,N,not sports/exercise context; no validation/benchmark
36,arXiv,Exploring Severe Occlusion: Multi-Person 3D Pose Estimation with Gated Convolution,"Renshu Gu , Gaoang Wang , Jenq-Neng Hwang",,https://arxiv.org/abs/2011.00184,N,not sports/exercise context; no validation/benchmark,Y,N,not sports/exercise context; no validation/benchmark
37,arXiv,From Slices to Structures: Unsupervised 3D Reconstruction of Female Pelvic Anatomy from Freehand Transvaginal Ultrasound,"Max Krähenmann , Sergio Tascon-Morales , Fabian Laumer , Julia E. Vogt , Ece Ozkan",,https://arxiv.org/abs/2508.14552,N,no pose-estimation focus; not sports/exercise context,Y,N,no pose-estimation focus; not sports/exercise context
38,arXiv,Human in Events: A Large-Scale Benchmark for Human -centric Video Analysis in Complex Events,"Weiyao Lin , Huabin Liu , Shizhan Liu , Yuxi Li , Rui Qian , Tao Wang , Ning Xu , Hongkai Xiong , Guo-Jun Qi , Nicu Sebe",2020.0,https://arxiv.org/abs/2005.04490,N,no pose-estimation focus; not sports/exercise context,Y,N,no pose-estimation focus; not sports/exercise context
39,arXiv,Invariant Representation Learning for Infant Pose Estimation with Small Data,"Xiaofei Huang , Nihang Fu , Shuangjun Liu , Sarah Ostadabbas",2020.0,https://arxiv.org/abs/2010.06100,N,not sports/exercise context; no validation/benchmark,Y,N,not sports/exercise context; no validation/benchmark
40,arXiv,IoT-Based 3D Pose Estimation and Motion Optimization for Athletes : Application of C3D and OpenPose,"Fei Ren , Chao Ren , Tianyi Lyu",,https://arxiv.org/abs/2411.12676,N,no validation/benchmark,Y,N,no validation/benchmark
41,arXiv,KASportsFormer: Kinematic Anatomy Enhanced Transformer for 3D Human Pose Estimation on Short Sports Scene Video,"Zhuoer Yin , Calvin Yeung , Tomohiro Suzuki , Ryota Tanaka , Keisuke Fujii",,https://arxiv.org/abs/2507.20763,N,no validation/benchmark,Y,N,no validation/benchmark
42,arXiv,Lang2Lift: A Framework for Language-Guided Pallet Detection and Pose Estimation Integrated in Autonomous Outdoor Forklift Operation,"Huy Hoang Nguyen , Johannes Huemer , Markus Murschitz , Tobias Glueck , Minh Nhat Vu , Andreas Kugi",,https://arxiv.org/abs/2508.15427,N,no validation/benchmark,Y,N,no validation/benchmark
43,arXiv,Learning Discriminative Motion Features Through Detection,"Gedas Bertasius , Christoph Feichtenhofer , Du Tran , Jianbo Shi , Lorenzo Torresani",,https://arxiv.org/abs/1812.04172,N,no pose-estimation focus; not sports/exercise context; no validation/benchmark,Y,N,no pose-estimation focus; not sports/exercise context; no validation/benchmark
44,arXiv,Learning from Synthetic Humans,"Gül Varol , Javier Romero , Xavier Martin , Naureen Mahmood , Michael J. Black , Ivan Laptev , Cordelia Schmid",2017.0,https://arxiv.org/abs/1701.01370,N,no pose-estimation focus; not sports/exercise context; no validation/benchmark,Y,N,no pose-estimation focus; not sports/exercise context; no validation/benchmark
45,arXiv,LIC-Fusion 2.0: LiDAR-Inertial-Camera Odometry with Sliding-Window Plane-Feature Tracking,"Xingxing Zuo , Yulin Yang , Patrick Geneva , Jiajun Lv , Yong Liu , Guoquan Huang , Marc Pollefeys",,https://arxiv.org/abs/2008.07196,N,no pose-estimation focus; not sports/exercise context; no validation/benchmark,Y,N,no pose-estimation focus; not sports/exercise context; no validation/benchmark
46,arXiv,Lifting by Image -- Leveraging Image Cues for Accurate 3D Human Pose Estimation,"Feng Zhou , Jianqin Yin , Peiyang Li",,https://arxiv.org/abs/2312.15636,N,not sports/exercise context; no validation/benchmark,Y,N,not sports/exercise context; no validation/benchmark
47,arXiv,Markerless human pose estimation for biomedical applications: a survey,"Andrea Avogaro , Federico Cunico , Bodo Rosenhahn , Francesco Setti",,https://arxiv.org/abs/2308.00519,N,not sports/exercise context; no validation/benchmark,Y,N,not sports/exercise context; no validation/benchmark
48,arXiv,Markerless Motion Capture and Biomechanical Analysis Pipeline,"R. James Cotton , Allison DeLillo , Anthony Cimorelli , Kunal Shah , J. D. Peiffer , Shawana Anarwala , Kayan Abdou , Tasos Karakostas",,https://arxiv.org/abs/2303.10654,N,not sports/exercise context,Y,N,not sports/exercise context
49,arXiv,Mitigating Motion Blur for Robust 3D Baseball Player Pose Modeling for Pitch Analysis,"Jerrin Bright , Yuhao Chen , John Zelek",,https://arxiv.org/abs/2309.01010,N,no pose-estimation focus; no validation/benchmark,Y,N,no pose-estimation focus; no validation/benchmark
50,arXiv,mmWave Radar for Sit-to-Stand Analysis : A Comparative Study with Wearables and Kinect,"Shuting Hu , Peggy Ackun , Xiang Zhang , Siyang Cao , Jennifer Barton , Melvin G. Hector , Mindy J. Fain , Nima Toosizadeh",2024.0,https://arxiv.org/abs/2411.14656,N,no pose-estimation focus; no validation/benchmark,Y,N,no pose-estimation focus; no validation/benchmark
51,arXiv,Optimizing Human Pose Estimation Through Focused Human and Joint Regions,"Yingying Jiao , Zhigang Wang , Zhenguang Liu , Shaojing Fan , Sifan Wu , Zheqi Wu , Zhuoyue Xu",,https://arxiv.org/abs/2501.14439,N,not sports/exercise context; no validation/benchmark,Y,N,not sports/exercise context; no validation/benchmark
52,arXiv,Orientation Keypoints for 6D Human Pose Estimation,"Martin Fisch , Ronald Clark",2020.0,https://arxiv.org/abs/2009.04930,N,not sports/exercise context; no validation/benchmark,Y,N,not sports/exercise context; no validation/benchmark
53,arXiv,Polar Coordinate-Based 2D Pose Prior with Neural Distance Field,"Qi Gan , Sao Mai Nguyen , Eric Fenaux , Stephan Clémençon , Mounîm El Yacoubi",,https://arxiv.org/abs/2505.03445,N,no pose-estimation focus; not sports/exercise context; no validation/benchmark,Y,N,no pose-estimation focus; not sports/exercise context; no validation/benchmark
54,arXiv,Pose-Based Fall Detection System: Efficient Monitoring on Standard CPUs,"Vinayak Mali , Saurabh Jaiswal",,https://arxiv.org/abs/2503.19501,N,no pose-estimation focus; not sports/exercise context; no validation/benchmark,Y,N,no pose-estimation focus; not sports/exercise context; no validation/benchmark
55,arXiv,PoseTrack: A Benchmark for Human Pose Estimation and Tracking,"Mykhaylo Andriluka , Umar Iqbal , Eldar Insafutdinov , Leonid Pishchulin , Anton Milan , Juergen Gall , Bernt Schiele",2017.0,https://arxiv.org/abs/1710.10000,N,not sports/exercise context,Y,N,not sports/exercise context
56,arXiv,RadProPoser: A Framework for Human Pose Estimation with Uncertainty Quantification from Raw Radar Data,"Jonas Leo Mueller , Lukas Engel , Eva Dorschky , Daniel Krauss , Ingrid Ullmann , Martin Vossiek , Bjoern M. Eskofier",,https://arxiv.org/abs/2508.03578,N,not sports/exercise context; no validation/benchmark,Y,N,not sports/exercise context; no validation/benchmark
57,arXiv,Relative Pose Observability Analysis Using Dual Quaternions,"Nicholas B. Andrews , Kristi A. Morgansen",2024.0,https://arxiv.org/abs/2501.00657,N,no pose-estimation focus; not sports/exercise context; no validation/benchmark,Y,N,no pose-estimation focus; not sports/exercise context; no validation/benchmark
58,arXiv,ReynoldsFlow: Exquisite Flow Estimation via Reynolds Transport Theorem,"Yu-Hsi Chen , Chin-Tien Wu",2025.0,https://arxiv.org/abs/2503.04500,N,no pose-estimation focus; no validation/benchmark,Y,N,no pose-estimation focus; no validation/benchmark
59,arXiv,Robot Hand-Eye Calibration using Structure-from- Motion,"Nicolas Andreff , Radu Horaud , Bernard Espiau",2023.0,https://arxiv.org/abs/2311.11808,N,no pose-estimation focus; not sports/exercise context; no validation/benchmark,Y,N,no pose-estimation focus; not sports/exercise context; no validation/benchmark
60,arXiv,Robust Fetal Pose Estimation across Gestational Ages via Cross-Population Augmentation,"Sebastian Diaz , Benjamin Billot , Neel Dey , Molin Zhang , Esra Abaci Turk , P. Ellen Grant , Polina Golland , Elfar Adalsteinsson",,https://arxiv.org/abs/2509.12062,N,not sports/exercise context; no validation/benchmark,Y,N,not sports/exercise context; no validation/benchmark
61,arXiv,Selecting Optimal Camera Views for Gait Analysis : A Multi-Metric Assessment of 2D Projections,"Dong Chen , Huili Peng , Yong Hu , Kenneth MC. Cheung",,https://arxiv.org/abs/2509.17805,Y,,Y,Y,
62,arXiv,Semantically Video Coding: Instill Static-Dynamic Clues into Structured Bitstream for AI Tasks,"Xin Jin , Ruoyu Feng , Simeng Sun , Runsen Feng , Tianyu He , Zhibo Chen",2022.0,https://arxiv.org/abs/2201.10162,N,no pose-estimation focus; not sports/exercise context; no validation/benchmark,Y,N,no pose-estimation focus; not sports/exercise context; no validation/benchmark
63,arXiv,SLOPER4D: A Scene-Aware Dataset for Global 4D Human Pose Estimation in Urban Environments,"Yudi Dai , Yitai Lin , Xiping Lin , Chenglu Wen , Lan Xu , Hongwei Yi , Siqi Shen , Yuexin Ma , Cheng Wang",2023.0,https://arxiv.org/abs/2303.09095,N,not sports/exercise context; no validation/benchmark,Y,N,not sports/exercise context; no validation/benchmark
64,arXiv,Source-free Domain Adaptive Human Pose Estimation,"Qucheng Peng , Ce Zheng , Chen Chen",2023.0,https://arxiv.org/abs/2308.03202,N,not sports/exercise context; no validation/benchmark,Y,N,not sports/exercise context; no validation/benchmark
65,arXiv,STEP: Simultaneous Tracking and Estimation of Pose for Animals and Humans,"Shashikant Verma , Harish Katti , Soumyaratna Debnath , Yamuna Swamy , Shanmuganathan Raman",2025.0,https://arxiv.org/abs/2503.13344,N,not sports/exercise context; no validation/benchmark,Y,N,not sports/exercise context; no validation/benchmark
66,arXiv,Strengths and Weaknesses of 3D Pose Estimation and Inertial Motion Capture System for Movement Therapy,"Shawan Mohammed , Hannah Siebers , Ted Preuß",,https://arxiv.org/abs/2306.06117,Y,,Y,Y,
67,arXiv,Structured Context Enhancement Network for Mouse Pose Estimation,"Feixiang Zhou , Zheheng Jiang , Zhihua Liu , Fang Chen , Long Chen , Lei Tong , Zhile Yang , Haikuan Wang , Minrui Fei , Ling Li , Huiyu Zhou",2020.0,https://arxiv.org/abs/2012.00630,N,not sports/exercise context; no validation/benchmark,Y,N,not sports/exercise context; no validation/benchmark
68,arXiv,SupeRANSAC: One RANSAC to Rule Them All,Daniel Barath,,https://arxiv.org/abs/2506.04803,N,no pose-estimation focus; not sports/exercise context; no validation/benchmark,Y,N,no pose-estimation focus; not sports/exercise context; no validation/benchmark
69,arXiv,TAMBRIDGE: Bridging Frame-Centered Tracking and 3D Gaussian Splatting for Enhanced SLAM,"Peifeng Jiang , Hong Liu , Xia Li , Ti Wang , Fabian Zhang , Joachim M. Buhmann",,https://arxiv.org/abs/2405.19614,N,no pose-estimation focus; not sports/exercise context; no validation/benchmark,Y,N,no pose-estimation focus; not sports/exercise context; no validation/benchmark
70,arXiv,Towards Dynamic 3D Reconstruction of Hand-Instrument Interaction in Ophthalmic Surgery,"Ming Hu , Zhengdi Yu , Feilong Tang , Kaiwen Chen , Yulong Li , Imran Razzak , Junjun He , Tolga Birdal , Kaijing Zhou , Zongyuan Ge",2025.0,https://arxiv.org/abs/2505.17677,N,no pose-estimation focus; not sports/exercise context; no validation/benchmark,Y,N,no pose-estimation focus; not sports/exercise context; no validation/benchmark
71,arXiv,Towards Unconstrained 2D Pose Estimation of the Human Spine,"Muhammad Saif Ullah Khan , Stephan Krauß , Didier Stricker",,https://arxiv.org/abs/2504.08110,N,not sports/exercise context; no validation/benchmark,Y,N,not sports/exercise context; no validation/benchmark
72,arXiv,TT3D: Table Tennis 3D Reconstruction,"Thomas Gossard , Andreas Ziegler , Andreas Zell",2025.0,https://arxiv.org/abs/2504.10035,N,no pose-estimation focus; no validation/benchmark,Y,N,no pose-estimation focus; no validation/benchmark
73,arXiv,UnDEMoN 2.0: Improved Depth and Ego Motion Estimation through Deep Image Sampling,"Madhu Babu V , Swagat Kumar , Anima Majumder , Kaushik Das",,https://arxiv.org/abs/1811.10884,N,no pose-estimation focus; not sports/exercise context; no validation/benchmark,Y,N,no pose-estimation focus; not sports/exercise context; no validation/benchmark
74,arXiv,Unsupervised Learning of Camera Pose with Compositional Re-estimation,"Seyed Shahabeddin Nabavi , Mehrdad Hosseinzadeh , Ramin Fahimi , Yang Wang",,https://arxiv.org/abs/2001.06479,N,no pose-estimation focus; not sports/exercise context; no validation/benchmark,Y,N,no pose-estimation focus; not sports/exercise context; no validation/benchmark
75,arXiv,Upper Body Pose Estimation Using Wearable Inertial Sensors and Multiplicative Kalman Filter,"Tommaso Lisini Baldi , Francesco Farina , Andrea Garulli , Antonio Giannitrapani , Domenico Prattichizzo",2019.0,https://arxiv.org/abs/1909.10376,N,not sports/exercise context; no validation/benchmark,Y,N,not sports/exercise context; no validation/benchmark
76,arXiv,Validation of AI-Based 3D Human Pose Estimation in a Cyber-Physical Environment,"Lisa Marie Otto , Michael Kaiser , Daniel Seebacher , Steffen Müller",,https://arxiv.org/abs/2506.23739,N,not sports/exercise context,Y,N,not sports/exercise context
77,arXiv,Validation of Human Pose Estimation and Human Mesh Recovery for Extracting Clinically Relevant Motion Data from Videos,"Kai Armstrong , Alexander Rodrigues , Alexander P. Willmott , Lei Zhang , Xujiong Ye",,https://arxiv.org/abs/2503.14760,N,not sports/exercise context,Y,N,not sports/exercise context
78,arXiv,VioPose: Violin Performance 4D Pose Estimation by Hierarchical Audiovisual Inference,"Seong Jong Yoo , Snehesh Shrestha , Irina Muresanu , Cornelia Fermüller",2024.0,https://arxiv.org/abs/2411.13607,N,not sports/exercise context; no validation/benchmark,Y,N,not sports/exercise context; no validation/benchmark
79,arXiv,VST-Pose: A Velocity-Integrated Spatiotem-poral Attention Network for Human WiFi Pose Estimation,"Xinyu Zhang , Zhonghao Ye , Jingwei Zhang , Xiang Tian , Zhisheng Liang , Shipeng Yu",,https://arxiv.org/abs/2507.09672,N,not sports/exercise context; no validation/benchmark,Y,N,not sports/exercise context; no validation/benchmark
80,arXiv,W2W: A Simulated Exploration of IMU Placement Across the Human Body for Designing Smarter Wearable,"Lala Shakti Swarup Ray , Bo Zhou , Paul Lukowicz",,https://arxiv.org/abs/2507.05532,N,no pose-estimation focus; not sports/exercise context; no validation/benchmark,Y,N,no pose-estimation focus; not sports/exercise context; no validation/benchmark
81,arXiv,Web-Scale Collection of Video Data for 4D Animal Reconstruction,"Brian Nlong Zhao , Jiajun Wu , Shangzhe Wu",,https://arxiv.org/abs/2511.01169,N,no pose-estimation focus; not sports/exercise context; no validation/benchmark,Y,N,no pose-estimation focus; not sports/exercise context; no validation/benchmark
82,arXiv,What Happened 3 Seconds Ago? Inferring the Past with Thermal Imaging,"Zitian Tang , Wenjie Ye , Wei-Chiu Ma , Hang Zhao",,https://arxiv.org/abs/2304.13651,N,no pose-estimation focus; not sports/exercise context; no validation/benchmark,Y,N,no pose-estimation focus; not sports/exercise context; no validation/benchmark
83,arXiv,WorldPose: A World Cup Dataset for Global 3D Human Pose Estimation,"Tianjian Jiang , Johsan Billingham , Sebastian Müksch , Juan Zarate , Nicolas Evans , Martin R. Oswald , Marc Pollefeys , Otmar Hilliges , Manuel Kaufmann , Jie Song",2025.0,https://arxiv.org/abs/2501.02771,N,not sports/exercise context; no validation/benchmark,Y,N,not sports/exercise context; no validation/benchmark
84,arXiv,XAI-based gait analysis of patients walking with Knee-Ankle-Foot orthosis using video cameras,"Arnav Mishra , Aditi Shetkar , Ganesh M. Bapat , Rajdeep Ojha , Tanmay Tulsidas Verlekar",,https://arxiv.org/abs/2402.16175,N,no pose-estimation focus; no validation/benchmark,Y,N,no pose-estimation focus; no validation/benchmark
85,arXiv,Zoom in to the details of human -centric videos,"Guanghan Li , Yaping Zhao , Mengqi Ji , Xiaoyun Yuan , Lu Fang",,https://arxiv.org/abs/2005.13222,N,no pose-estimation focus; not sports/exercise context; no validation/benchmark,Y,N,no pose-estimation focus; not sports/exercise context; no validation/benchmark
86,Journal of Biomechanics,The development and evaluation of a fully automated markerless motion capture workflow.,"Needham, Laurie; Evans, Murray; Wade, Logan; Cosker, Darren P; McGuigan, Miranda Polly; Bilzon, James L; Colyer, Steffi L",2022.0,,Y,,Y,Y,
87,Journal of Biomechanics,A markerless motion capture system can reliably determine peak trunk flexion while squatting with and without a weighted vest.,"Andersen, J T; McCarthy, A M; Wills, J A; Fuller, J T; Lenton, G K; Doyle, T L A",2023.0,,Y,,Y,Y,
88,Journal of Biomechanics,Validation of OpenCap: A low-cost markerless motion capture system for lower-extremity kinematics during return-to-sport tasks.,"Turner, Jeffrey A; Chaaban, Courtney R; Padua, Darin A",2024.0,,Y,,Y,Y,
89,Scientific Reports,Comparison of lower limb kinematic and kinetic estimation during athlete jumping between markerless and marker-based motion capture systems.,"Yang, Changzhi; Wei, Linyu; Huang, Xi; Tu, Lili; Xu, Yanjia; Li, Xiaolong; Hu, Zhe",2025.0,,Y,,Y,Y,
90,Journal of sports sciences,Concurrent validity of Theia3D markerless motion capture for detecting sagittal kinematic differences between gait speeds.,"Walker, Josh; Thomas, Aaron; Lunn, David E; Nicholson, Gareth; Tucker, Catherine B",2025.0,,Y,,Y,Y,
91,Journal of sports sciences,Inter-session reliability of markerless lower extremity joint kinematics and kinetics for return-to-sport screening tasks.,"Xu, Jiaming; Wen, Zhishen; Augustine, Sylvia; Sharir, Raihana; De Bleecker, Camilla; Robinson, Mark A; Jamkrajang, Parunchaya; Smeets, Annemie; Vanrenterghem, Jos",2025.0,,Y,,Y,Y,
92,Sports biomechanics,The validity and intra-tester reliability of markerless motion capture to analyse kinematics of the BMX Supercross gate start.,"Grigg, Josephine; Haakonssen, Eric; Rathbone, Evelyne; Orr, Robin; Keogh, Justin W L",2018.0,,Y,,Y,Y,
93,IEEE,DDC3N: Doppler-Driven Convolutional 3D Network for Human Action Recognition,"Toshpulatov, Mukhiddin and Lee, Wookey and Lee, Suan and Yoon, Hoyoung and Kang, U",2024.0,,Y,,Y,Y,
94,IEEE,Accuracy and Adaptability Improvement in Aerobic Training: Integration of Self-Attention Mechanisms in 3D Pose Estimation and Kinematic Modeling,"Qu, Hang and Zhang, Haotian and Ban, Qiqi and Zhao, Xiaoliang",2024.0,,Y,,Y,Y,
95,IEEE,Real-Time AI Posture Correction for Powerlifting Exercises Using YOLOv5 and MediaPipe,"Ko, Yeong-Min and Nasridinov, Aziz and Park, So-Hyun",2024.0,,Y,,Y,Y,
96,IEEE,Exercise Assessment Based on Human Pose Estimation and Relative Phase for Real-Time Remote Exercise System,"Woo, Yeongju and Jeong, Hieyong",2025.0,,Y,,Y,Y,
97,IEEE,Holistic Pose Estimation and Dynamic Motion Analysis for Telerehabilitation of Physically Disabled Individuals,"Kamal, Aleena and Najam, Shaheryar and Alshehri, Mohammed and AlQahtani, Yahya and Alshahrani, Abdulmonem and Alabdullah, Bayan and Park, Jeongmin",2025.0,,Y,,Y,Y,
98,IEEE,Automated Classification of User Exercise Poses in Virtual Reality Using Machine Learning-Based Human Pose Estimation,"Kongchansawang, Panuwat and Naowavathong, Thunchanok and Srisuttee, Ratakorn and Moodleah, Samart",2025.0,,Y,,Y,Y,
99,IEEE,Predicting Free Achilles Tendon Strain From Motion Capture Data Using Artificial Intelligence.,"Xia, Zhengliang; Devaprakash, Daniel; Cornish, Bradley M; Barrett, Rod S; Lloyd, David G; Hams, Andrea H; Pizzolato, Claudio",2023.0,,Y,,Y,Y,
100,IEEE,AlphaPose: Whole-Body Regional Multi-Person Pose Estimation and Tracking in Real-Time.,"Fang, Hao-Shu; Li, Jiefeng; Tang, Hongyang; Xu, Chao; Zhu, Haoyi; Xiu, Yuliang; Li, Yong-Lu; Lu, Cewu",2023.0,,Y,,Y,Y,
101,Sensors,Leveraging Two Kinect Sensors for Accurate Full-Body Motion Capture,"Gao, Zhiquan and Yu, Yao and Zhou, Yu and Du, Sidan",2015.0,https://www.mdpi.com/1424-8220/15/9/24297,Y,,Y,Y,
102,Sensors,Comparison of a Deep Learning-Based Pose Estimation System to Marker-Based and Kinect Systems in Exergaming for Balance Training,"Vonstad, Elise Klæbo and Su, Xiaomeng and Vereijken, Beatrix and Bach, Kerstin and Nilsen, Jan Harald",2020.0,https://www.mdpi.com/1424-8220/20/23/6940,Y,,Y,Y,
103,Sensors,Estimating Player Positions from Padel High-Angle Videos: Accuracy Comparison of Recent Computer Vision Methods,"Javadiha, Mohammadreza and Andujar, Carlos and Lacasa, Enrique and Ric, Angel and Susin, Antonio",2021.0,https://www.mdpi.com/1424-8220/21/10/3368,Y,,Y,Y,
104,Sensors,Evaluation of Open-Source and Pre-Trained Deep Convolutional Neural Networks Suitable for Player Detection and Motion Analysis in Squash,"Brumann, Christopher and Kukuk, Markus and Reinsberger, Claus",2021.0,https://www.mdpi.com/1424-8220/21/13/4550,Y,,Y,Y,
105,Sensors,Unified End-to-End YOLOv5-HR-TCM Framework for Automatic 2D/3D Human Pose Estimation for Real-Time Applications,"Nguyen, Hung-Cuong and Nguyen, Thi-Hao and Scherer, Rafal and Le, Van-Hung",2022.0,https://www.mdpi.com/1424-8220/22/14/5419,Y,,Y,Y,
106,Sensors,Evaluation of Various State of the Art Head Pose Estimation Algorithms for Clinical Scenarios,"Hammadi, Yassine and Grondin, François and Ferland, François and Lebel, Karina",2022.0,https://www.mdpi.com/1424-8220/22/18/6850,Y,,Y,Y,
107,Sensors,"Estimating Ground Reaction Forces from Two-Dimensional Pose Data: A Biomechanics-Based Comparison of AlphaPose, BlazePose, and OpenPose","Mundt, Marion and Born, Zachery and Goldacre, Molly and Alderson, Jacqueline",2023.0,https://www.mdpi.com/1424-8220/23/1/78,Y,,Y,Y,
108,Sensors,Internet-of-Things-Enabled Markerless Running Gait Assessment from a Single Smartphone Camera.,"Young, Fraser; Mason, Rachel; Morris, Rosie; Stuart, Samuel; Godfrey, Alan",2023.0,,Y,,Y,Y,
109,Sensors,SwimmerNET: Underwater 2D Swimmer Pose Estimation Exploiting Fully Convolutional Neural Networks,"Giulietti, Nicola and Caputo, Alessia and Chiariotti, Paolo and Castellini, Paolo",2023.0,https://www.mdpi.com/1424-8220/23/4/2364,Y,,Y,Y,
110,Sensors,Automated Gait Analysis Based on a Marker-Free Pose Estimation Model,"Hii, Chang Soon Tony and Gan, Kok Beng and Zainal, Nasharuddin and Mohamed Ibrahim, Norlinah and Azmin, Shahrul and Mat Desa, Siti Hajar and van de Warrenburg, Bart and You, Huay Woon",2023.0,https://www.mdpi.com/1424-8220/23/14/6489,Y,,Y,Y,
111,Sensors,A Machine Learning App for Monitoring Physical Therapy at Home,"Pereira, Bruno and Cunha, Bruno and Viana, Paula and Lopes, Maria and Melo, Ana S. C. and Sousa, Andreia S. P.",2024.0,https://www.mdpi.com/1424-8220/24/1/158,Y,,Y,Y,
112,Sensors,A Deep Learning Model for Markerless Pose Estimation Based on Keypoint Augmentation: What Factors Influence Errors in Biomechanical Applications?,"Ruescas-Nicolau, Ana V. and Medina-Ripoll, Enrique and de Rosario, Helios and Sanchiz Navarro, Joaquín and Parrilla, Eduardo and Juan Lizandra, María Carmen",2024.0,https://www.mdpi.com/1424-8220/24/6/1923,Y,,Y,Y,
113,Sensors,Towards Automating Personal Exercise Assessment and Guidance with Affordable Mobile Technology,"Sideridou, Maria and Kouidi, Evangelia and Hatzitaki, Vassilia and Chouvarda, Ioanna",2024.0,https://www.mdpi.com/1424-8220/24/7/2037,Y,,Y,Y,
114,Sensors,Smart Physiotherapy: Advancing Arm-Based Exercise Classification with PoseNet and Ensemble Models,"Hussain, Shahzad and Siddiqui, Hafeez Ur Rehman and Saleem, Adil Ali and Raza, Muhammad Amjad and Alemany-Iturriaga, Josep and Velarde-Sotres, Álvaro and Díez, Isabel De la Torre and Dudley, Sandra",2024.0,https://www.mdpi.com/1424-8220/24/19/6325,Y,,Y,Y,
115,Sensors,Validation of Automated Countermovement Vertical Jump Analysis: Markerless Pose Estimation vs. 3D Marker-Based Motion Capture System,"Aleksic, Jelena and Kanevsky, Dmitry and Mesaroš, David and Knezevic, Olivera M. and Cabarkapa, Dimitrije and Bozovic, Branislav and Mirkov, Dragan M.",2024.0,https://www.mdpi.com/1424-8220/24/20/6624,Y,,Y,Y,
116,Sensors,Accuracy Evaluation of 3D Pose Reconstruction Algorithms Through Stereo Camera Information Fusion for Physical Exercises with MediaPipe Pose,"Dill, Sebastian and Ahmadi, Arjang and Grimmer, Martin and Haufe, Dennis and Rohr, Maurice and Zhao, Yanhua and Sharbafi, Maziar and Hoog Antink, Christoph",2024.0,https://www.mdpi.com/1424-8220/24/23/7772,Y,,Y,Y,
117,Sensors,Influence of the Camera Viewing Angle on OpenPose Validity in Motion Analysis,"Baldinger, Melanie and Reimer, Lara Marie and Senner, Veit",2025.0,https://www.mdpi.com/1424-8220/25/3/799,Y,,Y,Y,
118,Sensors,Frailty-Focused Movement Monitoring: A Single-Camera System Using Joint Angles for Assessing Chair-Based Exercise Quality,"Qi, Teng and Iwamoto, Miyuki and Choi, Dongeun and Kida, Noriyuki and Kuwahara, Noriaki",2025.0,https://www.mdpi.com/1424-8220/25/13/3907,Y,,Y,Y,
119,Sensors,Enhanced Pose Estimation for Badminton Players via Improved YOLOv8-Pose with Efficient Local Attention,"Wu, Yijian and Chen, Zewen and Zhang, Hongxing and Yang, Yulin and Yi, Weichao",2025.0,https://www.mdpi.com/1424-8220/25/14/4446,Y,,Y,Y,
120,Sensors,"Optical Sensor-Based Approaches in Obesity Detection: A Literature Review of Gait Analysis, Pose Estimation, and Human Voxel Modeling","Dhaouadi, Sabrine and Khelifa, Mohamed Moncef Ben and Balti, Ala and Duché, Pascale",2025.0,https://www.mdpi.com/1424-8220/25/15/4612,Y,,Y,Y,
121,Sensors,An Accessible AI-Assisted Rehabilitation System for Guided Upper Limb Therapy,"Hou, Kevin and Khan, Md Mahafuzur Rahaman and Rahman, Mohammad H.",2025.0,https://www.mdpi.com/1424-8220/25/19/6239,Y,,Y,Y,
122,IEEE,A Feasible Fall Evaluation System via Artificial Intelligence Gesture Detection of Gait and Balance for Sub-Healthy Community- Dwelling Older Adults in Taiwan,"Lin, Kai-Chih and Wai, Rong-Jong",2021.0,,N,no pose-estimation focus; not sports/exercise context; no validation/benchmark,Y,N,no pose-estimation focus; not sports/exercise context; no validation/benchmark
123,IEEE,"Periodic Physical Activity Information Segmentation, Counting and Recognition From Video","Cheng, Sheng-Hsien and Sarwar, Muhammad Atif and Daraghmi, Yousef-Awwad and İk, Tsì-Uí and Li, Yih-Lang",2023.0,,N,no pose-estimation focus; not sports/exercise context; no validation/benchmark,Y,N,no pose-estimation focus; not sports/exercise context; no validation/benchmark
124,IEEE,STPT: Spatio-Temporal Polychromatic Trajectory Based Elderly Exercise Evaluation System,"Ahmed, Riad and Abdullah, Raiyaan and Jamal, Lafifa",2023.0,,N,no pose-estimation focus; not sports/exercise context; no validation/benchmark,Y,N,no pose-estimation focus; not sports/exercise context; no validation/benchmark
125,IEEE,A Novel Telerehabilitation System for Physical Exercise Monitoring in Elderly Healthcare,"Abrar Ashraf, Muhammad and Najam, Shaheryar and Sadiq, Touseef and Algamdi, Shabbab and Aljuaid, Hanan and Rahman, Hameedur and Jalal, Ahmad",2025.0,,N,no pose-estimation focus; not sports/exercise context; no validation/benchmark,Y,N,no pose-estimation focus; not sports/exercise context; no validation/benchmark
126,IEEE,IRuCoR: Intelligent Running Companion Robot for Personalized Training,"Jeon, Chan-Un and Cheon, Sang-Hee and Bae, Beom-Su and Cho, Gi-Hyeon and Cha, Bae Ho and Lee, Dong-Hyun",2025.0,,N,no pose-estimation focus; not sports/exercise context; no validation/benchmark,Y,N,no pose-estimation focus; not sports/exercise context; no validation/benchmark
127,IEEE,Automated Assessment of Dynamic Knee Valgus and Risk of Knee Injury During the Single Leg Squat,"Kianifar, Rezvan and Lee, Alexander and Raina, Sachin and Kulić, Dana",2017.0,,N,no pose-estimation focus; not sports/exercise context; no validation/benchmark,Y,N,no pose-estimation focus; not sports/exercise context; no validation/benchmark
128,IEEE,Depth-Imaging for Gait Analysis on a Treadmill in Older Adults at Risk of Falling,"Hackbarth, Michel and Koschate, Jessica and Lau, Sandra and Zieschang, Tania",2023.0,,N,no pose-estimation focus; not sports/exercise context; no validation/benchmark,Y,N,no pose-estimation focus; not sports/exercise context; no validation/benchmark
129,IEEE,SR-POSE: A Novel Non-Contact Real-Time Rehabilitation Evaluation Method Using Lightweight Technology,"Zhang, Kun and Zhang, Pengcheng and Tu, Xintao and Liu, Zhicheng and Xu, Peixia and Wu, Chenggang and Crookes, Danny and Hua, Liang",2023.0,,N,no pose-estimation focus; not sports/exercise context; no validation/benchmark,Y,N,no pose-estimation focus; not sports/exercise context; no validation/benchmark
130,IEEE,Low-Cost Vision-Based 3-D Elbow Tracking for Post-Stroke Rehabilitation: Development and Pilot Evaluation of a Serious Game,"Tannus, Julia and Alves, Camille and Valentini, Caroline and Morere, Yann and Bourhis, Guy and Pino, Pierre and Naves, Eduardo",2025.0,,N,no pose-estimation focus; not sports/exercise context; no validation/benchmark,Y,N,no pose-estimation focus; not sports/exercise context; no validation/benchmark
131,Journal of Mobile Multimedia,A Computer Vision-Based Architecture for Remote Physical Rehabilitation,"Rezende, Daniel Muller and de Magalhães Rozatto, Paulo Victor and de Almeida, Dauane Joice Nascimento and de Lima Namorato, Filipe and dos Santos, Tatiane Daniele and de Souza da Silva, Rodrigo Luis",2024.0,,N,no pose-estimation focus; not sports/exercise context; no validation/benchmark,Y,N,no pose-estimation focus; not sports/exercise context; no validation/benchmark
132,Sensors,On Inertial Body Tracking in the Presence of Model Calibration Errors,"Miezal, Markus and Taetz, Bertram and Bleser, Gabriele",2016.0,https://www.mdpi.com/1424-8220/16/7/1132,N,no pose-estimation focus; not sports/exercise context; no validation/benchmark,Y,N,no pose-estimation focus; not sports/exercise context; no validation/benchmark
133,Sensors,Are Existing Monocular Computer Vision-Based 3D Motion Capture Approaches Ready for Deployment? A Methodological Study on the Example of Alpine Skiing,"Ostrek, Mirela and Rhodin, Helge and Fua, Pascal and Müller, Erich and Spörri, Jörg",2019.0,https://www.mdpi.com/1424-8220/19/19/4323,N,no pose-estimation focus; not sports/exercise context; no validation/benchmark,Y,N,no pose-estimation focus; not sports/exercise context; no validation/benchmark
134,Sensors,VestAid: A Tablet-Based Technology for Objective Exercise Monitoring in Vestibular Rehabilitation,"Hovareshti, Pedram and Roeder, Shamus and Holt, Lisa S. and Gao, Pan and Xiao, Lemin and Zalkin, Chad and Ou, Victoria and Tolani, Devendra and Klatt, Brooke N. and Whitney, Susan L.",2021.0,https://www.mdpi.com/1424-8220/21/24/8388,N,no pose-estimation focus; not sports/exercise context; no validation/benchmark,Y,N,no pose-estimation focus; not sports/exercise context; no validation/benchmark
135,Sensors,"On the Early and Affordable Diagnosis of Joint Pathologies Using Acoustic Emissions, Deep Learning Decompositions and Prediction Machines","Nsugbe, Ejay and Olorunlambe, Khadijat and Dearn, Karl",2023.0,https://www.mdpi.com/1424-8220/23/9/4449,N,no pose-estimation focus; not sports/exercise context; no validation/benchmark,Y,N,no pose-estimation focus; not sports/exercise context; no validation/benchmark
136,Sensors,Agreement and Sensitivity of the Acceleration–Velocity Profile Derived via Local Positioning System,"Jovanović, Mladen and Arguedas-Soley, Adriano and Cabarkapa, Dimitrije and Andersson, Håkan and Nagy, Dóra and Trunić, Nenad and Banković, Vladimir and Richárd, Répási and Safar, Sandor and Ratgeber, Laszlo",2024.0,https://www.mdpi.com/1424-8220/24/19/6192,N,no pose-estimation focus; not sports/exercise context; no validation/benchmark,Y,N,no pose-estimation focus; not sports/exercise context; no validation/benchmark
